order_id,buyer_id,created_at
1,2210,2024-12-22 23:12:02
2,4123,2025-06-27 20:52:28
3,2123,2025-06-13 05:37:31
4,1500,2025-03-07 15:07:58
5,7288,2025-01-11 00:27:07
6,9449,2025-06-15 21:51:30
7,7226,2024-12-22 17:10:47
8,3829,2025-07-04 21:58:47
9,9754,2025-07-22 15:47:22
10,7016,2025-06-18 02:34:29
11,2745,2025-05-28 07:25:50
12,4052,2025-09-12 01:43:48
13,3180,2025-05-14 21:41:44
14,7736,2024-12-14 20:55:02
15,4881,2025-09-26 12:49:01
16,3802,2025-04-20 16:59:36
17,6410,2025-08-30 22:46:36
18,9965,2025-09-15 03:40:53
19,3475,2025-08-03 02:43:17
20,5779,2025-07-16 02:11:22
21,7991,2025-06-02 11:40:01
22,9488,2025-06-07 10:05:50
23,8794,2025-07-04 19:49:43
24,5391,2025-09-12 14:23:57
25,4257,2025-05-19 15:52:55
26,2619,2025-08-24 16:29:40
27,8081,2025-03-19 22:45:57
28,6087,2025-03-08 18:17:12
29,2995,2025-04-23 05:02:07
30,4363,2025-01-26 15:25:34
31,7184,2025-01-05 19:37:58
32,1629,2025-03-28 03:57:25
33,6895,2025-04-25 23:58:28
34,5734,2025-10-04 01:38:34
35,9384,2025-10-13 05:40:14
36,9032,2025-02-24 19:09:33
37,1406,2025-08-20 11:10:47
38,6929,2025-04-01 06:29:48
39,9177,2025-11-08 23:24:33
40,4048,2025-03-25 16:47:35
41,5011,2025-07-26 20:37:10
42,9841,2025-11-13 15:55:58
43,3654,2025-02-13 05:03:11
44,9631,2025-06-19 11:18:20
45,9767,2025-10-28 03:54:02
46,8717,2025-05-27 02:23:22
47,1713,2025-03-19 10:47:58
48,1395,2025-06-22 00:55:46
49,3592,2025-02-26 23:23:12
50,4012,2025-06-12 20:11:14
51,8811,2025-06-23 00:17:50
52,3539,2025-07-20 04:10:10
53,5679,2025-05-01 10:28:00
54,9997,2025-02-18 11:43:42
55,3122,2024-12-28 09:43:02
56,8540,2025-02-25 04:41:52
57,4372,2025-03-20 12:55:01
58,9118,2025-08-08 10:04:34
59,4106,2025-06-17 05:17:07
60,4539,2025-05-29 01:26:34
61,3405,2025-01-02 05:50:55
62,9061,2025-08-02 23:44:15
63,4434,2025-01-08 03:45:25
64,6818,2025-05-27 13:36:47
65,1768,2025-11-03 16:16:48
66,8118,2025-02-11 21:40:12
67,985,2025-07-29 14:15:41
68,8202,2025-08-01 23:10:53
69,5393,2025-01-22 01:50:32
70,1028,2025-09-30 12:26:27
71,433,2025-08-03 14:53:59
72,5004,2025-01-22 21:00:30
73,5335,2025-03-19 19:53:57
74,1345,2025-03-05 16:09:04
75,4254,2025-05-01 09:14:50
76,7658,2025-03-30 11:43:51
77,9286,2025-09-27 06:54:29
78,1734,2025-01-30 13:52:32
79,7815,2025-09-28 00:29:07
80,2070,2025-02-03 18:58:16
81,4501,2025-06-09 22:05:23
82,1450,2025-06-29 16:53:59
83,1788,2025-06-14 15:34:25
84,2533,2025-07-02 21:39:38
85,7767,2024-12-14 12:57:08
86,627,2024-12-26 03:06:59
87,6004,2025-01-02 06:50:09
88,3822,2025-07-03 09:05:15
89,2193,2025-03-31 23:45:28
90,3655,2025-08-13 19:28:30
91,9179,2025-09-18 23:08:16
92,4329,2025-03-13 10:17:41
93,7906,2025-11-23 14:44:38
94,7603,2024-12-01 14:32:28
95,8709,2025-11-02 10:51:07
96,6432,2025-11-01 22:24:08
97,5527,2024-12-29 00:20:33
98,3304,2025-04-30 19:46:59
99,8434,2025-10-02 22:54:59
100,4240,2025-05-01 07:18:23
101,9349,2025-07-29 12:09:28
102,5057,2025-01-11 02:34:01
103,1254,2025-09-03 18:32:39
104,2562,2025-06-02 09:18:37
105,6124,2025-06-07 21:16:01
106,5251,2025-05-09 11:12:54
107,9267,2025-07-24 01:34:22
108,1752,2025-07-10 19:46:09
109,1237,2025-06-20 09:02:51
110,476,2024-12-01 15:02:45
111,6635,2025-03-14 07:07:13
112,6791,2025-06-17 20:34:49
113,4540,2025-04-15 16:04:30
114,981,2025-06-13 12:55:16
115,2883,2025-08-23 06:12:16
116,8963,2025-10-03 14:13:20
117,7046,2025-08-19 06:47:22
118,8687,2025-09-19 08:17:02
119,5008,2025-06-02 14:46:21
120,213,2025-05-09 02:00:38
121,8661,2024-12-21 10:41:53
122,3130,2025-05-28 20:37:28
123,2157,2025-10-20 22:32:32
124,9221,2024-12-17 11:34:43
125,7166,2025-04-05 04:10:48
126,6375,2025-09-04 03:26:49
127,6717,2025-06-06 02:03:46
128,4939,2024-12-31 19:56:09
129,9257,2025-09-03 13:07:08
130,1583,2024-12-25 19:23:38
131,9912,2024-11-30 01:21:18
132,410,2025-06-20 19:07:44
133,5503,2025-06-30 09:45:29
134,3239,2025-05-15 03:36:44
135,2833,2025-10-31 14:38:03
136,9501,2025-06-12 12:36:20
137,9532,2025-11-12 08:20:18
138,7323,2025-01-03 15:25:22
139,1009,2025-02-15 01:28:10
140,3761,2025-06-14 04:18:08
141,3357,2025-03-12 01:32:43
142,1983,2024-12-01 16:04:20
143,5620,2025-07-04 01:06:27
144,4563,2025-04-11 22:52:08
145,2652,2025-04-19 11:00:00
146,5209,2025-01-10 04:02:02
147,9615,2025-07-10 04:37:46
148,1534,2025-08-15 10:48:50
149,9313,2025-09-20 12:13:23
150,6177,2025-05-14 02:23:55
151,1843,2025-08-27 04:42:31
152,750,2025-01-09 20:52:53
153,6342,2025-06-07 06:45:15
154,4654,2025-01-22 14:30:24
155,3763,2024-12-29 14:56:18
156,5877,2025-05-31 02:01:36
157,3598,2025-11-12 04:38:05
158,2395,2025-10-10 20:48:40
159,981,2025-03-15 00:51:39
160,1363,2025-09-05 17:35:21
161,3251,2025-08-28 21:21:26
162,9191,2025-02-10 13:55:35
163,6450,2025-03-23 13:26:53
164,5608,2025-05-17 03:10:19
165,2423,2025-10-01 10:44:24
166,9870,2025-09-26 23:43:07
167,5474,2025-05-12 10:31:43
168,7923,2025-09-24 16:53:33
169,221,2025-11-07 00:22:11
170,4652,2025-07-03 05:48:40
171,6634,2025-02-12 21:46:16
172,3434,2025-04-06 10:39:28
173,2139,2025-01-16 09:21:36
174,6996,2025-03-17 04:25:12
175,1822,2025-04-21 12:43:23
176,1570,2025-01-30 04:42:56
177,8477,2025-09-23 15:14:04
178,6974,2025-05-09 02:43:22
179,2449,2025-01-17 12:27:52
180,3527,2025-08-05 22:52:41
181,1834,2025-10-09 17:01:31
182,5549,2025-05-22 22:45:38
183,5365,2025-04-15 12:18:51
184,3810,2025-04-29 23:01:20
185,4597,2025-07-23 00:38:28
186,5270,2025-05-07 12:10:26
187,6360,2024-12-10 02:45:00
188,6103,2025-10-24 10:52:24
189,3042,2025-05-27 19:20:53
190,7041,2025-09-25 05:51:56
191,3814,2025-08-02 18:13:11
192,2175,2025-08-14 07:07:02
193,7874,2024-12-23 22:15:47
194,3265,2024-12-02 03:46:25
195,6642,2025-11-08 15:04:39
196,9264,2025-04-09 09:01:34
197,1813,2025-02-12 00:22:15
198,3870,2025-01-11 16:00:34
199,2334,2025-03-19 11:33:35
200,6434,2025-01-13 09:22:36
201,1842,2024-12-31 14:15:30
202,1665,2025-04-07 15:37:26
203,3175,2024-12-20 14:26:47
204,9834,2025-10-08 19:45:22
205,7115,2025-10-27 17:37:02
206,1734,2025-11-11 22:55:33
207,4945,2025-11-26 16:50:11
208,6955,2025-01-16 01:05:56
209,2859,2024-12-12 22:02:32
210,7293,2024-12-24 18:46:18
211,7476,2025-05-13 22:34:04
212,7993,2025-01-23 11:29:35
213,6739,2025-08-11 22:49:19
214,1989,2025-05-10 16:43:03
215,4166,2025-06-28 02:39:11
216,6707,2025-06-06 19:03:47
217,6661,2025-01-17 00:47:34
218,5618,2025-05-29 23:00:47
219,4834,2025-05-07 06:23:44
220,4526,2025-10-21 10:25:32
221,444,2025-08-27 04:11:24
222,4552,2024-12-14 12:39:37
223,3655,2025-01-19 17:56:31
224,8071,2025-11-11 04:30:36
225,9826,2024-12-01 10:20:22
226,1197,2025-04-01 08:50:05
227,1957,2025-11-17 11:30:52
228,3196,2025-06-01 00:06:11
229,6295,2025-10-07 01:02:36
230,3185,2025-02-09 00:55:13
231,5233,2025-05-07 11:04:37
232,7245,2025-09-12 15:46:32
233,989,2025-01-27 09:16:04
234,1730,2025-08-08 14:14:46
235,4005,2025-06-20 09:02:25
236,2673,2025-10-02 12:40:45
237,9992,2025-05-17 01:29:20
238,2322,2025-10-27 09:06:29
239,3841,2025-03-14 20:23:56
240,6467,2025-07-27 12:14:25
241,4364,2025-02-08 08:24:41
242,1731,2025-06-20 18:31:10
243,5086,2025-01-28 20:44:30
244,1078,2025-10-02 13:03:20
245,2311,2025-09-08 10:51:26
246,845,2025-04-08 08:33:04
247,5698,2025-06-03 08:00:46
248,1194,2025-09-11 23:54:34
249,1099,2025-04-13 09:17:23
250,9033,2025-09-15 13:01:10
251,3926,2025-03-19 13:56:23
252,4943,2025-01-13 17:52:05
253,9416,2025-08-21 17:37:14
254,744,2025-11-27 03:24:39
255,2506,2025-05-25 09:20:34
256,3140,2025-07-30 17:41:42
257,5201,2025-01-08 13:58:45
258,3791,2024-11-30 10:05:28
259,5973,2024-11-29 23:46:06
260,9464,2024-12-02 00:25:11
261,4242,2025-06-21 22:19:38
262,9200,2025-09-30 21:03:47
263,2661,2025-01-23 08:52:41
264,1257,2025-04-28 17:35:11
265,6571,2025-03-26 08:39:29
266,3306,2025-10-28 02:07:21
267,4502,2025-09-01 09:06:31
268,4241,2025-02-06 19:49:27
269,5022,2024-12-23 00:08:05
270,5551,2025-06-03 03:49:58
271,3275,2025-08-05 01:14:42
272,4921,2025-06-09 23:15:57
273,6312,2025-06-23 21:28:18
274,890,2025-03-14 17:50:51
275,2979,2025-08-23 15:38:31
276,979,2024-12-26 14:07:27
277,2588,2025-02-24 21:56:45
278,2841,2025-02-22 04:12:57
279,3504,2025-05-26 23:59:03
280,163,2024-12-13 12:00:01
281,4076,2025-06-28 11:20:54
282,3082,2025-11-20 20:22:26
283,3941,2025-07-03 13:56:27
284,5070,2025-01-23 16:45:37
285,3939,2025-06-02 00:55:37
286,3532,2025-07-24 06:15:45
287,3676,2025-08-07 02:25:22
288,6626,2025-06-09 11:28:58
289,4058,2024-12-07 22:23:19
290,7649,2025-03-04 16:44:57
291,7485,2025-05-23 23:01:28
292,4115,2024-11-28 21:28:51
293,9842,2025-04-02 18:40:55
294,6679,2024-12-04 14:40:26
295,2934,2025-04-20 05:28:10
296,6024,2025-06-04 10:53:01
297,8794,2025-05-19 20:50:45
298,2665,2024-12-02 03:42:12
299,732,2025-06-03 06:19:36
300,6422,2025-01-04 12:31:14
301,738,2025-07-07 19:12:35
302,2713,2025-02-20 10:31:10
303,3678,2025-08-16 11:50:46
304,6559,2025-09-25 21:31:13
305,5606,2025-09-14 22:38:04
306,3392,2025-09-14 11:41:26
307,2033,2025-08-18 08:35:09
308,9173,2025-09-28 21:30:52
309,6256,2025-05-03 01:46:53
310,1922,2025-09-19 00:53:37
311,3417,2025-07-03 23:18:31
312,3397,2025-03-22 20:49:32
313,329,2025-01-19 06:54:44
314,5164,2025-05-04 12:27:33
315,5151,2025-11-15 21:29:04
316,1180,2024-12-16 23:22:40
317,8532,2025-01-10 10:01:21
318,289,2025-10-14 04:18:47
319,4675,2025-10-14 07:47:19
320,6330,2025-01-10 11:08:13
321,9260,2025-04-13 12:29:15
322,4099,2024-12-09 09:19:02
323,4355,2025-06-26 03:21:37
324,8276,2025-04-26 01:46:22
325,8584,2025-11-07 03:40:26
326,7750,2025-04-25 08:57:15
327,742,2025-01-23 19:14:14
328,1064,2024-12-03 05:54:30
329,255,2025-07-20 00:12:44
330,8708,2025-06-22 07:15:55
331,1930,2025-11-10 07:57:00
332,4020,2025-08-27 10:59:28
333,8518,2025-07-22 13:20:45
334,3860,2025-09-12 11:28:33
335,9741,2025-10-02 19:32:41
336,8387,2025-11-23 17:36:54
337,4717,2025-08-15 15:39:23
338,5130,2025-02-16 01:48:15
339,5825,2025-10-19 07:18:26
340,928,2025-11-16 14:38:13
341,1679,2025-02-08 10:47:31
342,1955,2025-08-23 05:46:21
343,7333,2025-05-19 13:58:53
344,1907,2025-06-06 21:31:20
345,948,2025-02-19 01:35:53
346,4165,2024-12-07 09:46:13
347,8571,2025-05-07 21:22:42
348,2757,2025-03-06 18:07:26
349,7890,2025-09-08 14:33:31
350,2739,2025-03-27 22:24:57
351,7406,2025-05-08 23:26:08
352,9985,2025-11-02 12:24:56
353,7286,2024-11-28 10:01:22
354,6699,2025-04-05 15:32:53
355,476,2025-08-22 17:14:51
356,2660,2025-10-15 14:13:35
357,8639,2025-04-02 18:14:47
358,6149,2024-12-26 11:53:07
359,5827,2025-10-16 18:43:26
360,6050,2025-03-29 06:15:59
361,7485,2025-01-01 20:49:24
362,4709,2025-02-02 00:36:39
363,4006,2025-11-22 07:38:59
364,6403,2025-06-13 18:39:08
365,1528,2024-12-12 20:04:44
366,5990,2025-06-02 15:32:40
367,1902,2025-11-08 23:45:59
368,5847,2025-05-14 01:34:15
369,6815,2025-09-17 07:45:41
370,9829,2025-10-27 11:55:13
371,926,2025-11-13 23:37:35
372,5662,2025-04-10 20:26:34
373,9841,2025-04-18 19:58:40
374,1204,2025-05-26 09:10:49
375,8742,2025-09-29 09:23:35
376,5596,2024-12-15 00:54:47
377,5337,2025-09-05 12:42:14
378,3646,2025-01-04 21:55:58
379,4142,2025-11-21 08:42:33
380,5381,2025-04-07 17:57:19
381,3359,2025-02-27 19:41:24
382,9290,2025-04-01 20:18:51
383,3652,2025-01-26 10:45:01
384,5651,2025-02-23 04:13:09
385,4990,2025-02-27 10:35:32
386,8257,2025-01-19 17:49:34
387,930,2025-05-10 10:29:22
388,5483,2025-11-05 01:00:20
389,9814,2025-03-25 01:10:14
390,6073,2025-09-17 10:07:17
391,9194,2025-03-28 17:13:13
392,424,2025-10-30 05:25:54
393,8792,2025-04-27 05:23:03
394,4571,2025-08-27 19:49:46
395,6440,2025-06-28 06:40:39
396,1258,2025-09-25 09:17:19
397,1894,2025-10-05 13:58:53
398,4311,2025-05-07 17:40:23
399,7864,2025-11-04 02:25:00
400,4373,2025-07-15 06:38:03
401,6180,2025-08-29 14:19:04
402,2989,2025-09-23 07:46:43
403,4794,2024-12-05 20:17:55
404,6487,2025-07-06 07:52:39
405,9588,2025-08-18 00:28:05
406,8063,2025-02-11 05:00:21
407,5810,2025-03-21 17:11:31
408,3238,2025-07-26 09:33:26
409,1276,2024-11-27 20:42:50
410,6697,2025-01-01 19:42:22
411,9697,2025-03-12 02:03:10
412,7451,2025-05-22 19:55:07
413,6757,2025-02-05 12:00:55
414,6103,2025-07-29 23:23:21
415,4342,2024-12-11 01:23:38
416,4230,2025-04-21 19:42:31
417,8136,2025-10-22 14:00:48
418,8210,2025-01-16 01:02:19
419,1011,2025-07-29 23:25:39
420,5888,2025-10-21 18:33:47
421,9614,2025-05-18 21:59:51
422,1001,2025-06-29 22:54:08
423,9468,2025-11-09 04:31:40
424,1943,2024-11-30 06:50:28
425,3301,2025-09-05 08:09:46
426,4697,2025-02-22 12:51:50
427,969,2025-02-02 00:33:57
428,7801,2025-03-11 07:25:10
429,986,2025-02-16 12:06:11
430,1244,2025-02-04 13:57:22
431,2328,2025-08-15 13:26:59
432,2661,2025-11-18 08:25:05
433,2011,2025-11-01 01:56:15
434,7060,2025-10-29 17:10:35
435,638,2025-08-09 12:04:19
436,7119,2025-03-29 18:21:08
437,4012,2025-04-18 17:58:01
438,5754,2025-10-03 16:29:36
439,3837,2024-12-24 20:50:46
440,6897,2025-02-15 21:04:31
441,9620,2025-02-01 16:33:15
442,4840,2025-10-18 08:50:05
443,1755,2025-01-12 22:04:00
444,5536,2024-11-30 07:43:32
445,6643,2025-10-25 20:47:33
446,6614,2025-03-28 07:50:11
447,2625,2025-09-02 00:01:11
448,2317,2025-07-06 06:56:36
449,1910,2025-09-13 18:57:19
450,6300,2025-07-30 14:36:01
451,1383,2025-08-13 20:05:55
452,7997,2025-01-09 12:44:51
453,9621,2025-10-23 19:42:09
454,694,2025-07-18 20:15:31
455,4765,2025-09-12 01:15:37
456,7749,2025-03-03 23:21:33
457,7449,2024-12-15 03:42:34
458,9671,2025-11-10 08:37:10
459,2728,2025-10-26 14:26:59
460,3490,2025-04-26 04:54:41
461,4806,2025-03-24 08:39:20
462,6474,2025-05-07 03:54:41
463,391,2025-01-16 18:16:01
464,1594,2025-05-07 06:12:53
465,6473,2025-06-04 04:11:35
466,807,2025-08-15 11:20:59
467,3581,2025-05-17 10:43:15
468,5813,2025-03-10 21:10:38
469,5754,2025-05-15 18:18:33
470,1604,2025-02-23 05:26:53
471,2543,2025-05-13 18:08:12
472,6194,2025-08-04 20:58:18
473,215,2025-04-26 11:03:05
474,4285,2025-07-23 21:52:51
475,8132,2025-07-31 11:39:36
476,6915,2025-05-18 08:45:45
477,1184,2025-02-23 06:47:15
478,534,2025-11-14 03:26:31
479,5688,2025-10-10 10:40:46
480,3554,2025-04-03 09:44:20
481,9544,2024-12-07 08:36:42
482,9437,2025-11-17 08:13:28
483,1535,2025-02-12 04:03:23
484,411,2025-10-04 20:32:07
485,6747,2025-03-08 09:18:16
486,8169,2024-12-30 05:14:37
487,9871,2025-03-22 02:19:16
488,4641,2025-09-14 21:27:41
489,838,2024-11-30 22:53:43
490,6792,2025-09-01 13:28:57
491,8150,2025-05-04 22:58:43
492,5020,2025-01-23 21:41:30
493,9034,2025-01-16 05:14:28
494,4983,2025-03-06 23:55:19
495,1908,2025-09-26 12:42:14
496,403,2025-05-17 10:14:04
497,5772,2025-04-28 06:14:54
498,4347,2024-12-07 09:50:09
499,7282,2024-12-04 18:03:21
500,305,2025-03-19 10:39:07
501,6694,2025-03-14 16:22:27
502,6360,2025-02-04 03:49:37
503,423,2025-06-19 13:30:00
504,6850,2025-04-03 11:38:39
505,8863,2025-08-16 00:00:53
506,3107,2025-08-18 02:09:57
507,1540,2025-04-04 00:01:00
508,8416,2024-12-01 20:26:37
509,1954,2025-01-25 02:40:52
510,2133,2025-11-14 12:55:17
511,2099,2024-12-02 00:07:18
512,2469,2025-09-30 00:06:43
513,4361,2025-04-06 08:15:32
514,4734,2025-05-15 20:12:43
515,2571,2025-10-07 00:17:25
516,9359,2024-12-26 10:12:36
517,6090,2025-04-13 21:13:51
518,9218,2024-12-01 22:19:48
519,4816,2024-12-01 20:22:19
520,3880,2025-04-04 00:42:04
521,5118,2025-05-29 05:52:04
522,6894,2025-03-19 06:17:53
523,2077,2025-11-21 03:53:13
524,6826,2025-10-10 00:23:04
525,2856,2025-10-20 18:37:33
526,294,2025-04-12 22:10:09
527,6314,2025-05-06 12:18:55
528,5882,2025-01-07 08:31:43
529,2611,2025-07-27 01:06:13
530,6084,2025-01-25 15:41:37
531,4844,2025-09-18 05:31:49
532,330,2024-12-18 14:58:32
533,3761,2025-06-02 01:57:19
534,7289,2025-05-14 22:28:56
535,2411,2025-11-06 00:06:45
536,5993,2025-11-20 14:21:05
537,4355,2025-02-01 01:39:57
538,2688,2025-07-28 22:19:29
539,6342,2025-05-18 16:25:57
540,3372,2025-05-07 07:49:06
541,789,2024-12-20 23:48:43
542,8115,2025-06-19 03:54:28
543,7122,2025-07-24 08:24:54
544,3339,2025-04-06 04:58:12
545,1879,2025-11-15 15:30:41
546,2749,2025-03-18 09:25:56
547,6158,2025-08-17 10:00:13
548,7308,2025-08-16 08:55:35
549,1180,2025-05-13 07:53:46
550,1523,2025-07-17 00:35:39
551,2755,2025-06-01 14:51:28
552,5976,2025-08-02 18:57:16
553,3427,2025-01-21 02:18:20
554,7153,2025-08-02 13:37:27
555,4850,2025-03-24 22:15:48
556,4035,2025-02-14 06:17:26
557,1161,2025-05-20 05:44:02
558,9727,2025-02-23 22:03:59
559,5473,2025-02-02 11:43:30
560,6760,2025-08-12 12:57:17
561,3853,2025-07-31 08:07:01
562,7138,2025-02-15 01:42:27
563,5012,2025-08-01 06:20:52
564,7040,2025-07-08 16:46:13
565,8420,2025-11-10 15:12:56
566,1589,2025-08-05 19:37:26
567,5725,2025-01-24 06:54:34
568,5797,2025-02-15 14:14:19
569,7582,2025-04-23 18:07:29
570,2098,2025-09-11 07:45:03
571,4647,2025-09-08 09:52:43
572,8634,2025-11-17 15:02:58
573,7230,2025-04-01 21:29:43
574,917,2024-12-21 06:44:39
575,5937,2025-07-31 12:19:06
576,6480,2024-12-04 15:35:57
577,1906,2025-07-24 18:28:36
578,2394,2025-01-31 04:07:12
579,9020,2025-10-12 23:47:46
580,6660,2025-02-02 01:03:06
581,3166,2025-08-03 05:50:21
582,2617,2025-08-10 18:46:25
583,9015,2025-07-24 09:07:23
584,1969,2025-07-29 03:09:19
585,704,2025-02-03 22:51:32
586,8935,2025-01-02 02:31:12
587,7994,2024-12-22 17:41:30
588,392,2025-01-04 09:57:19
589,7717,2025-01-22 00:09:29
590,7621,2025-07-02 15:27:37
591,3651,2025-04-17 19:43:39
592,6619,2025-07-05 01:33:12
593,1590,2025-01-18 22:51:29
594,8511,2025-08-07 02:45:55
595,8859,2025-11-19 19:44:39
596,5066,2025-05-03 20:08:06
597,8451,2025-04-25 00:36:36
598,1633,2025-07-10 12:28:38
599,6328,2024-12-09 11:17:18
600,2295,2025-02-12 17:52:45
601,1122,2025-07-25 12:55:13
602,8057,2025-04-05 19:16:55
603,875,2024-12-29 22:46:54
604,8322,2025-03-11 07:19:55
605,8666,2025-03-20 08:35:13
606,7818,2025-10-12 09:27:20
607,895,2025-07-22 14:25:22
608,7911,2025-11-16 23:38:54
609,9274,2025-04-22 20:50:42
610,8036,2025-06-04 07:08:56
611,4822,2025-09-27 14:29:35
612,5899,2025-02-07 12:32:36
613,2810,2025-08-14 10:19:08
614,6296,2025-03-31 20:11:09
615,8926,2025-03-22 16:14:16
616,5714,2025-08-06 07:16:03
617,5000,2025-08-21 23:37:43
618,1758,2025-03-07 09:11:18
619,2415,2025-01-29 19:57:44
620,6533,2025-03-18 12:04:35
621,1290,2025-11-27 16:07:49
622,7382,2025-01-08 21:02:30
623,6454,2025-09-12 15:32:48
624,2040,2025-04-23 14:51:06
625,8930,2025-07-28 02:59:27
626,5233,2025-06-23 00:05:02
627,5490,2025-08-04 23:20:34
628,3936,2024-12-30 12:41:03
629,8117,2025-02-09 21:50:16
630,1432,2025-11-19 06:10:00
631,4056,2025-02-16 12:12:30
632,4612,2025-10-22 20:03:36
633,1233,2025-03-20 17:42:16
634,8410,2025-04-05 13:48:10
635,1529,2025-02-13 13:45:37
636,5367,2024-12-30 06:12:46
637,189,2025-10-30 03:27:42
638,7702,2024-12-27 21:40:27
639,5556,2024-12-24 16:59:08
640,9986,2025-06-08 09:27:57
641,6300,2025-11-19 07:27:18
642,1262,2025-04-24 20:40:33
643,6835,2025-01-19 13:08:14
644,8527,2025-05-28 03:57:35
645,5385,2025-03-19 16:52:16
646,1819,2025-04-05 06:54:17
647,275,2025-02-25 00:16:48
648,8406,2025-05-08 14:11:56
649,1229,2025-05-30 08:46:11
650,7558,2024-12-12 03:39:47
651,7060,2024-12-21 01:22:07
652,9230,2025-10-29 11:27:35
653,2065,2025-04-04 15:36:46
654,9888,2025-04-18 06:26:46
655,5667,2025-05-01 22:41:26
656,2188,2025-01-30 07:32:24
657,1235,2025-07-31 16:23:45
658,2125,2025-01-31 14:16:28
659,5725,2024-11-28 16:31:04
660,449,2025-02-05 00:00:21
661,2888,2025-10-13 23:24:11
662,9540,2025-09-29 19:32:40
663,3018,2025-10-05 02:05:24
664,4217,2025-07-06 13:45:46
665,8919,2025-07-20 22:16:19
666,3656,2025-05-13 21:40:15
667,1311,2025-08-17 18:59:21
668,1187,2025-01-23 00:49:19
669,8324,2025-05-31 15:25:38
670,7796,2025-08-03 11:52:58
671,6233,2025-03-28 16:04:37
672,9307,2025-11-06 00:32:38
673,9251,2025-05-29 19:14:45
674,4779,2025-02-18 16:14:52
675,3957,2025-04-27 00:48:19
676,3880,2025-09-19 11:39:38
677,7059,2025-08-01 12:48:16
678,2068,2025-01-07 10:08:15
679,1498,2025-07-27 02:01:44
680,601,2025-05-05 23:21:04
681,3885,2025-04-19 20:42:13
682,5413,2025-08-14 17:46:36
683,481,2025-09-14 05:09:59
684,639,2025-05-02 08:18:00
685,6540,2025-04-28 21:43:14
686,6322,2025-01-17 02:55:47
687,763,2025-09-16 20:58:14
688,123,2025-04-09 10:42:16
689,4598,2025-05-13 09:57:15
690,2620,2025-11-07 22:29:42
691,9942,2025-10-20 08:34:06
692,1621,2025-06-06 20:48:33
693,4069,2025-03-18 20:46:04
694,4338,2025-06-22 14:28:26
695,3748,2025-10-27 05:51:04
696,7189,2025-11-24 08:05:36
697,9660,2025-02-28 13:39:15
698,2786,2025-02-25 02:05:32
699,503,2025-02-28 07:24:40
700,4224,2025-10-22 15:52:44
701,9501,2025-03-02 14:04:40
702,3768,2025-04-08 15:01:21
703,1186,2025-01-19 18:17:21
704,4976,2025-07-16 14:44:00
705,2965,2025-06-29 13:12:20
706,3207,2025-02-28 20:08:48
707,2940,2025-05-29 09:28:58
708,691,2025-04-28 22:11:02
709,5756,2025-06-26 03:26:28
710,5587,2025-04-01 19:40:02
711,7514,2025-09-13 11:56:36
712,4023,2025-05-16 20:03:10
713,2401,2025-10-06 06:46:48
714,5309,2025-01-26 19:40:38
715,9051,2025-01-24 08:57:16
716,9745,2025-10-03 20:37:18
717,3660,2025-05-03 23:14:01
718,9201,2025-04-15 02:02:06
719,2416,2025-01-24 16:21:48
720,1612,2025-08-07 23:55:57
721,3283,2025-10-09 00:48:42
722,9884,2025-04-26 12:37:07
723,7139,2024-11-29 01:23:11
724,3390,2025-06-02 23:10:51
725,7214,2025-02-06 22:30:34
726,8316,2025-10-11 03:01:43
727,1679,2025-03-10 14:32:27
728,9571,2025-06-14 05:06:04
729,6076,2025-11-14 07:40:47
730,3741,2025-04-11 08:38:38
731,6882,2025-04-05 10:21:35
732,1111,2025-11-18 00:33:29
733,6062,2025-04-06 07:18:34
734,1580,2025-03-12 22:22:33
735,8822,2025-09-27 16:12:46
736,5380,2025-03-10 07:44:03
737,9444,2025-04-29 13:41:28
738,6595,2025-04-09 18:13:35
739,1215,2024-12-04 17:17:21
740,3529,2025-09-10 22:20:12
741,3615,2025-01-12 05:51:40
742,218,2025-07-02 20:29:10
743,1844,2025-08-16 15:00:45
744,8448,2025-06-08 03:01:06
745,6794,2025-01-03 13:24:30
746,6979,2025-07-22 11:46:49
747,4699,2025-04-29 14:49:07
748,3042,2025-09-18 12:54:20
749,2363,2025-08-31 08:28:12
750,9773,2025-01-11 18:30:01
751,5923,2025-02-06 00:26:05
752,6480,2025-08-09 22:56:52
753,2880,2025-07-15 10:48:55
754,9372,2025-07-12 06:06:44
755,1094,2025-01-06 03:10:19
756,1761,2025-10-09 22:03:02
757,2604,2025-07-22 21:35:35
758,7203,2025-08-16 03:38:03
759,144,2025-10-08 13:23:38
760,7331,2025-01-08 20:21:50
761,5769,2025-03-01 07:34:00
762,2031,2025-10-19 17:31:46
763,6843,2025-03-31 00:52:38
764,9250,2025-10-20 17:35:32
765,1244,2025-03-21 04:21:40
766,1911,2025-06-08 23:39:46
767,3414,2025-05-24 09:56:36
768,4434,2025-08-11 00:34:22
769,3671,2025-11-11 05:39:50
770,7178,2025-02-19 00:24:42
771,527,2025-10-20 03:04:08
772,8800,2025-01-15 21:00:43
773,8513,2024-12-13 10:04:09
774,5067,2025-10-30 11:53:42
775,9381,2025-03-06 03:36:29
776,6658,2025-07-01 15:04:24
777,724,2025-11-02 15:39:55
778,9528,2024-12-25 14:58:12
779,4198,2025-11-04 00:31:21
780,2039,2025-09-24 23:46:38
781,8129,2024-12-25 15:23:05
782,575,2025-03-29 04:52:10
783,9599,2025-09-07 20:36:53
784,452,2024-12-13 22:30:21
785,4622,2025-03-16 11:27:20
786,7202,2025-03-22 00:10:59
787,7784,2025-01-25 15:44:16
788,5271,2025-01-31 04:36:06
789,229,2025-11-22 04:08:36
790,293,2025-10-10 19:48:09
791,8872,2025-03-22 23:37:17
792,2362,2024-12-17 09:33:07
793,7634,2025-05-24 16:17:33
794,446,2025-06-03 11:15:40
795,347,2025-01-10 19:56:35
796,6078,2025-01-23 01:44:23
797,8415,2025-05-01 08:52:35
798,6790,2025-07-05 08:13:50
799,9775,2025-07-31 09:17:51
800,1007,2025-06-06 17:42:05
801,8201,2025-03-06 17:32:32
802,2512,2025-04-12 22:51:03
803,5380,2025-11-18 19:53:29
804,5566,2025-09-26 00:58:49
805,6532,2025-04-19 01:36:23
806,6322,2025-08-15 18:45:59
807,3799,2025-04-12 09:24:14
808,1351,2025-03-31 17:06:10
809,8481,2024-12-20 07:38:41
810,1365,2024-12-29 08:15:29
811,2153,2025-04-26 19:07:03
812,1886,2025-03-18 19:27:56
813,7857,2025-06-23 09:37:52
814,2265,2025-05-31 23:01:15
815,552,2024-12-05 00:35:05
816,4378,2025-06-21 09:19:02
817,1812,2025-02-02 07:51:45
818,9827,2025-11-22 06:06:29
819,8734,2024-12-09 04:48:23
820,9831,2025-10-13 07:50:15
821,2753,2025-01-31 18:01:43
822,8963,2025-11-09 05:30:10
823,1877,2025-10-17 12:14:55
824,7592,2025-09-21 17:24:53
825,3142,2025-01-13 17:37:43
826,1831,2024-11-30 03:42:35
827,6354,2025-06-02 00:47:49
828,8615,2025-05-03 18:21:57
829,3840,2024-12-05 23:51:52
830,1908,2025-04-13 12:51:58
831,1513,2025-10-04 22:46:53
832,3254,2025-09-11 00:53:43
833,8477,2025-05-05 23:49:42
834,1823,2025-09-15 05:55:16
835,7704,2025-06-17 13:56:23
836,7515,2025-04-22 22:08:35
837,4466,2025-04-09 01:29:10
838,2353,2025-03-23 13:21:47
839,2177,2025-06-26 11:54:08
840,3352,2025-03-20 08:07:24
841,8315,2025-02-04 20:26:20
842,9362,2025-08-06 05:50:01
843,1779,2025-09-17 10:46:18
844,280,2025-07-12 21:58:59
845,275,2025-05-14 11:16:24
846,7539,2025-01-12 03:23:16
847,3853,2024-12-27 01:34:46
848,9206,2025-06-18 20:36:04
849,8003,2025-05-23 03:05:46
850,4854,2025-04-07 10:49:49
851,2547,2025-06-25 01:40:39
852,1558,2025-04-05 22:43:58
853,8000,2025-04-10 05:08:41
854,8351,2025-10-17 10:31:20
855,8684,2025-10-02 20:06:19
856,2690,2025-03-29 07:15:31
857,712,2025-08-21 01:59:59
858,5801,2025-08-01 03:40:15
859,5801,2025-08-11 00:35:04
860,3732,2025-03-26 17:18:07
861,2303,2025-08-22 11:34:19
862,4339,2025-11-19 22:51:28
863,2148,2024-12-23 19:43:25
864,6662,2025-09-07 07:40:03
865,4288,2025-07-17 22:06:27
866,8097,2025-08-06 12:32:25
867,1113,2025-01-01 06:42:33
868,4354,2025-10-09 23:40:34
869,8815,2025-02-24 20:01:35
870,5594,2025-06-21 07:20:43
871,7398,2024-12-04 01:27:45
872,1208,2025-03-30 14:47:15
873,6347,2025-11-26 22:39:36
874,9079,2025-04-10 02:31:41
875,8670,2025-09-30 18:17:29
876,3404,2025-06-28 16:38:20
877,6272,2025-07-18 20:53:02
878,278,2024-12-01 00:09:25
879,4641,2025-11-13 07:45:22
880,8517,2025-08-16 19:55:31
881,1304,2025-02-20 15:54:40
882,7108,2025-02-26 22:56:30
883,6229,2025-03-01 20:03:06
884,3465,2025-07-07 20:08:08
885,7329,2025-07-12 22:06:35
886,4379,2024-12-07 16:58:31
887,9033,2025-08-23 18:34:23
888,3735,2025-05-03 07:29:32
889,3608,2025-03-10 19:12:08
890,7435,2025-03-26 07:19:43
891,9014,2025-03-30 04:01:39
892,7626,2025-08-06 09:35:17
893,8417,2024-12-26 16:55:42
894,9750,2025-07-11 21:59:47
895,3072,2025-05-24 08:51:25
896,6891,2025-11-06 14:36:47
897,1981,2025-02-27 17:45:15
898,8698,2025-04-05 15:10:28
899,1192,2025-04-24 08:37:27
900,852,2025-04-12 07:00:20
901,2238,2025-10-24 02:57:57
902,4650,2025-11-17 20:53:26
903,2197,2025-07-19 12:50:42
904,3221,2025-01-07 00:22:15
905,5854,2025-05-01 03:51:06
906,2718,2025-07-29 20:19:06
907,9289,2025-08-08 01:11:12
908,9011,2025-01-09 02:17:23
909,2867,2024-12-04 17:12:13
910,7304,2025-04-17 11:14:54
911,102,2025-06-28 00:16:18
912,5695,2025-08-16 10:53:02
913,9711,2025-06-06 10:05:30
914,2798,2025-04-29 20:34:40
915,1055,2025-06-20 12:06:48
916,6706,2025-06-25 00:49:51
917,2901,2025-07-07 05:13:02
918,1414,2024-12-08 21:25:42
919,9970,2025-09-07 13:48:21
920,1804,2025-02-28 15:32:48
921,5818,2025-06-11 23:56:06
922,8393,2025-05-07 04:50:26
923,1429,2025-06-23 08:18:13
924,2233,2025-06-28 10:14:52
925,9099,2025-02-18 01:47:25
926,5826,2024-12-22 03:49:07
927,381,2025-03-29 10:34:06
928,3456,2025-01-18 18:07:17
929,9415,2025-05-13 23:49:03
930,9935,2025-07-27 02:02:02
931,5592,2025-04-05 19:14:35
932,2281,2025-10-08 20:09:49
933,7612,2025-02-09 09:51:22
934,6639,2025-08-07 17:12:33
935,4267,2025-01-22 10:22:44
936,564,2025-01-31 12:33:00
937,9408,2025-06-10 07:21:05
938,5183,2025-07-09 10:57:52
939,7377,2025-02-14 10:14:30
940,4146,2024-11-28 17:55:41
941,4849,2025-05-26 07:55:04
942,6230,2025-11-06 11:33:28
943,3033,2024-12-14 19:43:15
944,6272,2025-10-21 09:29:27
945,597,2024-12-17 13:47:38
946,659,2025-09-26 04:54:46
947,6703,2025-11-09 22:50:06
948,7443,2025-11-01 16:27:03
949,9732,2025-04-21 04:15:52
950,2334,2025-05-03 13:07:59
951,1675,2025-01-08 19:58:04
952,489,2025-06-11 14:11:54
953,2556,2024-12-10 15:24:37
954,2062,2025-10-04 13:34:36
955,6155,2025-02-23 02:22:56
956,5791,2025-09-02 13:07:02
957,8822,2025-05-26 18:13:27
958,5974,2025-05-23 10:37:18
959,2595,2025-06-15 12:04:39
960,7151,2024-12-18 09:37:40
961,1450,2025-08-20 01:01:29
962,1630,2025-10-01 15:54:50
963,6437,2025-07-09 05:59:07
964,812,2025-04-20 20:32:15
965,3097,2025-08-26 23:36:42
966,1254,2025-11-16 10:03:57
967,6872,2025-05-16 13:20:35
968,3688,2025-04-22 03:50:22
969,5908,2025-07-01 10:27:56
970,2169,2025-06-19 03:18:12
971,1847,2025-03-26 14:48:04
972,5504,2025-10-30 19:29:27
973,4142,2024-12-27 13:01:36
974,3976,2025-09-20 14:29:25
975,5486,2025-03-19 12:22:26
976,4861,2024-12-14 12:50:41
977,1468,2025-01-23 14:47:35
978,4992,2025-09-19 15:33:58
979,5252,2025-02-22 17:36:06
980,4168,2025-04-17 03:29:38
981,2471,2024-12-29 11:04:05
982,3422,2025-04-30 03:45:55
983,2207,2025-08-21 20:39:36
984,3594,2025-02-06 16:31:06
985,7894,2025-06-13 14:01:41
986,5657,2025-10-09 03:48:45
987,9711,2025-02-17 03:06:01
988,7420,2025-04-26 21:30:28
989,2498,2025-09-14 12:42:05
990,1259,2025-05-30 20:53:35
991,7855,2025-09-22 17:22:25
992,2260,2025-10-28 08:41:55
993,360,2025-09-08 09:47:34
994,3317,2025-07-07 17:59:26
995,1957,2025-04-30 02:26:21
996,6577,2025-11-27 15:07:47
997,190,2024-12-02 01:35:33
998,2816,2025-11-19 01:38:12
999,7213,2025-06-10 15:09:58
1000,5053,2025-01-05 11:25:43
